title	id	price	sale price	condition	availability	channel	feed label	language	additional image link	age group	all clicks	brand	color	description	gender	google product category	gtin	identifier exists	image link	is bundle	link	merchant item id	product type	sell on google quantity	shipping(country)	shipping weight	sku
DAFNI KLIX - the minimalist - Eternal Blush - Set of 3	shopify_US_10182679560493_51710030938413	25.00 USD			in stock	Online	US	en	https://cdn.shopify.com/s/files/1/0765/0102/5069/files/1_cf11c99a-d70d-4d2b-8f84-f752332ca35f.png?v=1766679477,https://cdn.shopify.com/s/files/1/0765/0102/5069/files/M1A1264.jpg?v=1766679477,https://cdn.shopify.com/s/files/1/0765/0102/5069/files/M1A1253.jpg?v=1766679477,https://cdn.shopify.com/s/files/1/0765/0102/5069/files/M1A1274.jpg?v=1771514333,https://cdn.shopify.com/s/files/1/0765/0102/5069/files/M1A1251.jpg?v=1766679477,https://cdn.shopify.com/s/files/1/0765/0102/5069/files/M1A1267.jpg?v=1766679477,https://cdn.shopify.com/s/files/1/0765/0102/5069/files/dbfe5be0a6499b5e1d870ddc66719d5c.png?v=1766679477,https://cdn.shopify.com/s/files/1/0765/0102/5069/files/M1A1278.jpg?v=1770573664,https://cdn.shopify.com/s/files/1/0765/0102/5069/files/M1A1394.jpg?v=1766574346,https://cdn.shopify.com/s/files/1/0765/0102/5069/files/M1A1398.jpg?v=1770573664,https://cdn.shopify.com/s/files/1/0765/0102/5069/files/M1A1402.jpg?v=1766574346,https://cdn.shopify.com/s/files/1/0765/0102/5069/files/M1A1216.jpg?v=1766574346		14	DAFNI®		"The world's first magnetic hair clips! Strong Magnetic Hold – No slipping, no tugging Seamless magnetic connection, clean design 2 Are Better Than 1 – Create looks no ordinary clip can Endless hairstyles Set of 3 Colors:Lunar Black • Rose Gold • Cherry Rose Size: 2 cm each piece Includes an exclusive sticky pad for the mirror — store your DAFNI Klix with style and ease!"		apparel & accessories > clothing accessories > hair accessories	791689996028	yes	https://cdn.shopify.com/s/files/1/0765/0102/5069/files/dafni_klix_eternal_blush_minim.png?v=1766574346		https://www.dafnihair.com/products/dafni-klix-the-minimalist-golden-hour-set-of-3-copy?variant=51710030938413&country=US&currency=USD&utm_medium=product_sync&utm_source=google&utm_content=sag_organic&utm_campaign=sag_organic	gid://shopify/ProductVariant/51710030938413	Klix	1200		0.12 lb	DH3.4KX2-1R1L1C
DAFNI Thermal Bag	18041830731363204274	29.00 USD		new	out of stock	Online	US	en			0			"Discover the DAFNI Swarovsky Thermal Bag, a stylish and heat-protective accessory for DAFNI Power, Muse, and Classic hair straightening brushes. Travel-friendly, durable, and easy to clean."					http://www.dafnihair.com/cdn/shop/products/front.jpg?v=1723640178		https://www.dafnihair.com/products/dafni-swarovski-thermal-bag				US		
DAFNI Muse - Hair Styling and Straightening Brush	shopify_US_8426243359021_45411470410029	149.00 USD	126.00 USD		in stock	Online	US	en	https://cdn.shopify.com/s/files/1/0765/0102/5069/files/Product_Pictures_for_Website_5.png?v=1771513347,https://cdn.shopify.com/s/files/1/0765/0102/5069/files/museturnaround.png?v=1754815043,https://cdn.shopify.com/s/files/1/0765/0102/5069/files/EnhancedGallery3.jpg?v=1754815043,https://cdn.shopify.com/s/files/1/0765/0102/5069/products/0011922966343_1.jpg?v=1754815043,https://cdn.shopify.com/s/files/1/0765/0102/5069/files/squareimage_6.png?v=1754815043,https://cdn.shopify.com/s/files/1/0765/0102/5069/files/EnhancedGallery5.jpg?v=1754815043		39	DAFNI EN		Discover DAFNI Muse the perfect hair straightening and styling brush for short to medium-length hair. Sleek design for salon-worthy hair at home!		health & beauty > personal care > hair care > hair styling tools	0011922966343	yes	https://cdn.shopify.com/s/files/1/0765/0102/5069/files/Muse.png?v=1723640937		https://www.dafnihair.com/products/dafni-muse-hair-styling-and-straightening-brush?variant=45411470410029&country=US&currency=USD&utm_medium=product_sync&utm_source=google&utm_content=sag_organic&utm_campaign=sag_organic	gid://shopify/ProductVariant/45411470410029	Tools	598		0.93 lb	0011922966343
DAFNI KLIX - the icon - Eternal Blush - Set of 2	shopify_US_10182677266733_51710023270701	20.00 USD			in stock	Online	US	en	https://cdn.shopify.com/s/files/1/0765/0102/5069/files/9611c3726526a2ef0b0ee9d6727ce02f.png?v=1766574328,https://cdn.shopify.com/s/files/1/0765/0102/5069/files/fe9ab9a7bb87336006a39798a237b4ae.png?v=1766574328,https://cdn.shopify.com/s/files/1/0765/0102/5069/files/3ffb1fe3bcd744c982e569a2ad30ba6e.png?v=1766574328,https://cdn.shopify.com/s/files/1/0765/0102/5069/files/149f97856241e052ce6011c596186cc1.png?v=1766574328,https://cdn.shopify.com/s/files/1/0765/0102/5069/files/M1A1388.jpg?v=1766574328,https://cdn.shopify.com/s/files/1/0765/0102/5069/files/M1A1239.jpg?v=1766574328,https://cdn.shopify.com/s/files/1/0765/0102/5069/files/M1A1242.jpg?v=1766574328,https://cdn.shopify.com/s/files/1/0765/0102/5069/files/M1A1236.jpg?v=1766574328		4	DAFNI®		"The world's first magnetic hair clips! Strong Magnetic Hold – No slipping, no tugging Seamless magnetic connection, clean design 2 Are Better Than 1 – Create looks no ordinary clip can Endless hairstyles Set of 2 Colors:Rose Gold • Cherry Rose Size: 3 cm each piece Includes an exclusive sticky pad for the mirror — store your DAFNI Klix with style and ease!"		apparel & accessories > clothing accessories > hair accessories	0791689996035	yes	https://cdn.shopify.com/s/files/1/0765/0102/5069/files/dafni_klix_eternal_blush_icon_d0c1b60f-4a25-4dfc-82b6-5e80915018a4.png?v=1766574328		https://www.dafnihair.com/products/dafni-klix-the-icon-urban-oasis-set-of-2-copy?variant=51710023270701&country=US&currency=USD&utm_medium=product_sync&utm_source=google&utm_content=sag_organic&utm_campaign=sag_organic	gid://shopify/ProductVariant/51710023270701	Klix	2199		0.12 lb	DH3.4KX1-1R1C
DAFNI KLIX - the minimalist - Iconic Edit - Set of 3	shopify_US_10200115937581_51761871520045	25.00 USD			in stock	Online	US	en	https://cdn.shopify.com/s/files/1/0765/0102/5069/files/49.png?v=1770573664,https://cdn.shopify.com/s/files/1/0765/0102/5069/files/48.png?v=1770573664,https://cdn.shopify.com/s/files/1/0765/0102/5069/files/M1A1398.jpg?v=1770573664,https://cdn.shopify.com/s/files/1/0765/0102/5069/files/M1A1278.jpg?v=1770573664,https://cdn.shopify.com/s/files/1/0765/0102/5069/files/M1A1274.jpg?v=1771514333		10	DAFNI®		"The world's first magnetic hair clips! Strong Magnetic Hold – No slipping, no tugging Seamless magnetic connection, clean design 2 Are Better Than 1 – Create looks no ordinary clip can Endless hairstyles Set of 3 Colors:Brown • Brown • Lunar Black Size: 2 cm each piece Includes an exclusive sticky pad for the mirror — store your DAFNI Klix with style and ease!"		apparel & accessories > clothing accessories > hair accessories	791689995984	yes	https://cdn.shopify.com/s/files/1/0765/0102/5069/files/DAFNI_KLIX_ICONIC_EDIT_MINIMALIST_COVER_PACKSHOT.png?v=1770573664		https://www.dafnihair.com/products/dafni-klix-the-minimalist-iconic-edit-set-of-3?variant=51761871520045&country=US&currency=USD&utm_medium=product_sync&utm_source=google&utm_content=sag_organic&utm_campaign=sag_organic	gid://shopify/ProductVariant/51761871520045	Klix	5198		0.12 lb	DH3.4KX2-1L2A
Ready to go	shopify_US_10218760208685_51827996393773	164.00 USD	140.00 USD		in stock	Online	US	en	https://cdn.shopify.com/s/files/1/0765/0102/5069/files/DSC_2827.jpg?v=1771514333,https://cdn.shopify.com/s/files/1/0765/0102/5069/files/rosebowfront.png?v=1773395914,https://cdn.shopify.com/s/files/1/0765/0102/5069/files/rosebowback.png?v=1773395863,https://cdn.shopify.com/s/files/1/0765/0102/5069/files/M1A1274.jpg?v=1771514333		1	DAFNI®		"Life moves fast, and your hair should too. This kit features DAFNI Active, the perfect on-the-go companion for a flawless touch-up on the go. Cordless and powerful, it’s your secret weapon for staying polished between meetings, flights, or gym sessions. Elevate your vibe instantly with KLIX Rose Gold Bows for a soft, metallic glow, or keep it effortlessly chic with our Minimalist Black clips. No matter where you’re headed, you’re always just one click away from perfection."		health & beauty > personal care > hair care > hair care kits			https://cdn.shopify.com/s/files/1/0765/0102/5069/files/4.jpg?v=1771273519	yes	https://www.dafnihair.com/products/ready-to-go?variant=51827996393773&country=US&currency=USD&utm_medium=product_sync&utm_source=google&utm_content=sag_organic&utm_campaign=sag_organic	gid://shopify/ProductVariant/51827996393773		205		0 kg	BD3RTOGO
The Signature Set	shopify_US_10218761748781_51827999965485	199.00 USD	169.00 USD		in stock	Online	US	en	https://cdn.shopify.com/s/files/1/0765/0102/5069/files/about_us.png?v=1771516426,https://cdn.shopify.com/s/files/1/0765/0102/5069/files/bow_black.png?v=1774543701,https://cdn.shopify.com/s/files/1/0765/0102/5069/files/Product_Pictures_for_Website_1_cf5e810a-92ac-443a-907f-beb8dd14994e.png?v=1774543701,https://cdn.shopify.com/s/files/1/0765/0102/5069/files/DAFNI0055_4.jpg?v=1751976776,https://cdn.shopify.com/s/files/1/0765/0102/5069/files/DAFNI0043_4.jpg?v=1751976761,https://cdn.shopify.com/s/files/1/0765/0102/5069/files/45.png?v=1760687172		0	DAFNI®		From messy to smooth and styled in a few brush strokes and a click. This kit as all you need to make every hair day a happy hair day.		health & beauty > personal care > hair care			https://cdn.shopify.com/s/files/1/0765/0102/5069/files/1.jpg?v=1771274035	yes	https://www.dafnihair.com/products/the-signature-set?variant=51827999965485&country=US&currency=USD&utm_medium=product_sync&utm_source=google&utm_content=sag_organic&utm_campaign=sag_organic	gid://shopify/ProductVariant/51827999965485		220		0 kg	BD3SIG
The Urban Edit	shopify_US_10218760732973_51827997344045	198.00 USD	168.00 USD		in stock	Online	US	en	https://cdn.shopify.com/s/files/1/0765/0102/5069/files/bow_black.png?v=1774543701,https://cdn.shopify.com/s/files/1/0765/0102/5069/files/endless_styles_03.jpg?v=1764500047,https://cdn.shopify.com/s/files/1/0765/0102/5069/files/57.png?v=1768492455,https://cdn.shopify.com/s/files/1/0765/0102/5069/files/55.png?v=1770573642,https://cdn.shopify.com/s/files/1/0765/0102/5069/files/0011922966343-17.jpg?v=1723640937		0	DAFNI®		"Meet The Urban Edit: your 4-piece power kit for the girl who treats the sidewalk like a runway. It starts with the DAFNI Muse, our narrow smoothing brush that styles everything from short layers to perfect, supple waves with total precision. Add the DAFNI Icon (Amber) for all-day control and quick touch-ups that keep you looking flawless through every urban adventure. When you're ready to shift the vibe, snap on your KLIX Black Bows—the magnetic finish that amplifies your look in just one click. You might not know where your day ends, but with this edit, you’ll always arrive in style."		health & beauty > personal care > hair care > hair care kits			https://cdn.shopify.com/s/files/1/0765/0102/5069/files/3.jpg?v=1771273631	yes	https://www.dafnihair.com/products/the-urban-edit?variant=51827997344045&country=US&currency=USD&utm_medium=product_sync&utm_source=google&utm_content=sag_organic&utm_campaign=sag_organic	gid://shopify/ProductVariant/51827997344045		598		0 kg	BD4URBAN
DAFNI active - cordless hair straightening brush	8897431238474580952	109.50 USD		new	in stock	Online	US	en			1	DAFNI EN		"Have you ever imagined straightening or styling your hair anytime, anywhere?
With DAFNI Active, this dream is now a reality. This portable brush is perfect for short to medium hair, small touch-ups, or quick changes to your look.
Compact and convenient, DAFNI Active fits easily in your bag, making it ideal for trips, the gym, work, and any other place you can think of.

It comes with a USB charger and a smart case, so you can store it safely in your bag immediately after use
Detachable battery - accepted by all airlines in the world
Light, powerful and travel-friendly
Dual voltage"					http://www.dafnihair.com/cdn/shop/files/Product_Pictures_for_Website_1.png?v=1754559648		https://www.dafnihair.com/products/dafni-active-cordless-hair-straightening-brush				US		
DAFNI KLIX - the minimalist - Peach	shopify_US_10068069941549_50935101325613	10.00 USD			in stock	Online	US	en	https://cdn.shopify.com/s/files/1/0765/0102/5069/files/44.png?v=1760687017,https://cdn.shopify.com/s/files/1/0765/0102/5069/files/48.png?v=1770573664,https://cdn.shopify.com/s/files/1/0765/0102/5069/files/49.png?v=1770573664,https://cdn.shopify.com/s/files/1/0765/0102/5069/files/47.png?v=1760687172,https://cdn.shopify.com/s/files/1/0765/0102/5069/files/46.png?v=1760687172		3	DAFNI®		"The world's first magnetic hair clips! Strong Magnetic Hold – No slipping, no tugging Seamless magnetic connection, clean design 2 Are Better Than 1 – Create looks no ordinary clip can Endless hairstyles Size:2 cm each piece"		apparel & accessories > clothing accessories > hair accessories	791689995380	yes	https://cdn.shopify.com/s/files/1/0765/0102/5069/files/Product_Pictures_for_Website_7.png?v=1760687017		https://www.dafnihair.com/products/dafni-klix-the-minimalist-turquoise-copy?variant=50935101325613&country=US&currency=USD&utm_medium=product_sync&utm_source=google&utm_content=sag_organic&utm_campaign=sag_organic	gid://shopify/ProductVariant/50935101325613	Klix	949		0.04 lb	DH3.4KX2.1P
DAFNI KLIX - the icon - Urban Oasis - Set of 2	shopify_US_10108491202861_51405664911661	20.00 USD			in stock	Online	US	en	https://cdn.shopify.com/s/files/1/0765/0102/5069/files/59_50440bb0-7e96-4a6b-90f1-31e0dbe8df15.png?v=1768492498,https://cdn.shopify.com/s/files/1/0765/0102/5069/files/60_b3dba929-5b2a-4162-bb3a-a1bfb07fbc21.png?v=1768492498,https://cdn.shopify.com/s/files/1/0765/0102/5069/files/61_633cb67b-dbec-4df2-a551-eb728a16398c.png?v=1768492498,https://cdn.shopify.com/s/files/1/0765/0102/5069/files/63_9d19b32b-773c-41c7-831a-58b09000ede3.png?v=1768492498,https://cdn.shopify.com/s/files/1/0765/0102/5069/files/58_8295744d-fb0e-4639-8e91-bdd1f621400a.png?v=1768492498,https://cdn.shopify.com/s/files/1/0765/0102/5069/files/suctionpad_a.png?v=1768492498,https://cdn.shopify.com/s/files/1/0765/0102/5069/files/Product_Pictures_for_Website_14.png?v=1768492498		48	DAFNI®		"The world's first magnetic hair clips! Strong Magnetic Hold – No slipping, no tugging Seamless magnetic connection, clean design 2 Are Better Than 1 – Create looks no ordinary clip can Endless hairstyles Set of 2 Colors:Turquoise • Brown Size: 3 cm each piece Includes an exclusive sticky pad for the mirror — store your DAFNI Klix with style and ease!"		apparel & accessories > clothing accessories > hair accessories	0791689995335	yes	https://cdn.shopify.com/s/files/1/0765/0102/5069/files/53.png?v=1768492498		https://www.dafnihair.com/products/dafni-klix-the-icon-set-of-2-brown-turquoise?variant=51405664911661&country=US&currency=USD&utm_medium=product_sync&utm_source=google&utm_content=sag_organic&utm_campaign=sag_organic	gid://shopify/ProductVariant/51405664911661	Klix	3309		0.12 lb	DH3.4KX1.1T1A
DAFNI KLIX - THE BOW - Black	shopify_US_10169060229421_51661185679661	25.00 USD			in stock	Online	US	en	https://cdn.shopify.com/s/files/1/0765/0102/5069/files/BLACKBOW_OPEN.jpg?v=1774543701,https://cdn.shopify.com/s/files/1/0765/0102/5069/files/bow_black.png?v=1774543701,https://cdn.shopify.com/s/files/1/0765/0102/5069/files/Product_Pictures_for_Website_1_cf5e810a-92ac-443a-907f-beb8dd14994e.png?v=1774543701,https://cdn.shopify.com/s/files/1/0765/0102/5069/files/yali_front_black_bow.png?v=1774543701		191	DAFNI®		"YES! We reinvented the hair bow! Finally, effortless made easy get the bow you always wanted strongly secure in a click Strong Magnetic Hold – No slipping, no tugging Endless iconic hairstyles are a click away. Patent pending. Color:Black. Size: Thoughtfully designed at 5"" × 9.5""."		"apparel & accessories > clothing accessories > hair accessories > hair pins, claws & clips"	0791689995434	yes	https://cdn.shopify.com/s/files/1/0765/0102/5069/files/BLACKBOW2.jpg?v=1774543701		https://www.dafnihair.com/products/dafni-klix-the-bow-black?variant=51661185679661&country=US&currency=USD&utm_medium=product_sync&utm_source=google&utm_content=sag_organic&utm_campaign=sag_organic	gid://shopify/ProductVariant/51661185679661	BOWS	758		0.16 kg	DH3.4KX3-1B
DAFNI Super-Absorbent Microfiber Head Towel	16235176563171703256	20.00 USD		new	out of stock	Online	US	en			0			"Discover the DAFNI Super-Absorbent Microfiber Head Towel! Quick drying, reduces frizz, gentle on hair, lightweight, and easy to use."					http://www.dafnihair.com/cdn/shop/files/y.jpg?v=1723639906		https://www.dafnihair.com/products/dafni-head-towel				US		
DAFNI KLIX - the icon - Amber	shopify_US_10201382322477_51769464291629	12.00 USD			in stock	Online	US	en	https://cdn.shopify.com/s/files/1/0765/0102/5069/files/55.png?v=1770573642,https://cdn.shopify.com/s/files/1/0765/0102/5069/files/61.png?v=1770573642,https://cdn.shopify.com/s/files/1/0765/0102/5069/files/58.png?v=1770573642,https://cdn.shopify.com/s/files/1/0765/0102/5069/files/60.png?v=1770573642,https://cdn.shopify.com/s/files/1/0765/0102/5069/files/63.png?v=1768492455	adult	73	DAFNI®		"The world's first magnetic hair clips! Strong Magnetic Hold – No slipping, no tugging Seamless magnetic connection, clean design 2 Are Better Than 1 – Create looks no ordinary clip can Endless hairstyles Size: 3 cm each piece"	female	"apparel & accessories > clothing accessories > hair accessories > hair pins, claws & clips"	0791689995328	yes	https://cdn.shopify.com/s/files/1/0765/0102/5069/files/50.png?v=1767812962		https://www.dafnihair.com/products/dafni-klix-the-icon-amber-copy?variant=51769464291629&country=US&currency=USD&utm_medium=product_sync&utm_source=google&utm_content=sag_organic&utm_campaign=sag_organic	gid://shopify/ProductVariant/51769464291629	Klix	4677		0.05 lb	DH3.4KX1.1A
DAFNI KLIX - THE BOW - Pearl White	shopify_US_10200119968045_51761881088301	25.00 USD			in stock	Online	US	en	https://cdn.shopify.com/s/files/1/0765/0102/5069/files/WHITEBOW_OPEN.jpg?v=1774522884,https://cdn.shopify.com/s/files/1/0765/0102/5069/files/DAFNI_19.26_5517.jpg?v=1774522884,https://cdn.shopify.com/s/files/1/0765/0102/5069/files/DAFNI_19.26_5626.jpg?v=1774521189,https://cdn.shopify.com/s/files/1/0765/0102/5069/files/DAFNI_19.26_5603.jpg?v=1774521189		10	DAFNI®	white	"YES! We reinvented the hair bow! Finally, effortless made easy get the bow you always wanted strongly secure in a click Strong Magnetic Hold – No slipping, no tugging Endless iconic hairstyles are a click away. Patent pending. Color:White. Size: Thoughtfully designed at 5"" × 9.5""."		"apparel & accessories > clothing accessories > hair accessories > hair pins, claws & clips"	791689995458	yes	https://cdn.shopify.com/s/files/1/0765/0102/5069/files/WHITEBOW.jpg?v=1774522884		https://www.dafnihair.com/products/dafni-klix-the-bow-pearl-white?variant=51761881088301&country=US&currency=USD&utm_medium=product_sync&utm_source=google&utm_content=sag_organic&utm_campaign=sag_organic	gid://shopify/ProductVariant/51761881088301	BOWS	4389		0 kg	DH3.4KX3-1W
DAFNI KLIX - the minimalist - Golden Hour - Set of 3	shopify_US_10068070727981_50935102603565	25.00 USD			in stock	Online	US	en	https://cdn.shopify.com/s/files/1/0765/0102/5069/files/49.png?v=1770573664,https://cdn.shopify.com/s/files/1/0765/0102/5069/files/48.png?v=1770573664,https://cdn.shopify.com/s/files/1/0765/0102/5069/files/20250805_1326_Mirror_Reflection_Blur_remix_01k1ww5xz0ejjt91x3msnfdn8h_a.png?v=1760684691,https://cdn.shopify.com/s/files/1/0765/0102/5069/files/Sticky_stand.png?v=1760684691,https://cdn.shopify.com/s/files/1/0765/0102/5069/files/Klixsetof3minimalist_2.png?v=1760684691,https://cdn.shopify.com/s/files/1/0765/0102/5069/files/47.png?v=1760687172		74	DAFNI®		"The world's first magnetic hair clips! Strong Magnetic Hold – No slipping, no tugging Seamless magnetic connection, clean design 2 Are Better Than 1 – Create looks no ordinary clip can Endless hairstyles Set of 3 Colors:Turquoise • Peach • Brown Size: 2 cm each piece Includes an exclusive sticky pad for the mirror — store your DAFNI Klix with style and ease!"		apparel & accessories > clothing accessories > hair accessories	791689995397	yes	https://cdn.shopify.com/s/files/1/0765/0102/5069/files/Product_Pictures_for_Website_10.png?v=1768729852		https://www.dafnihair.com/products/dafni-klix-the-minimalist-set-of-3?variant=50935102603565&country=US&currency=USD&utm_medium=product_sync&utm_source=google&utm_content=sag_organic&utm_campaign=sag_organic	gid://shopify/ProductVariant/50935102603565	Klix	1785		0.12 lb	DH3.4KX2.1T1A1P
DAFNI Power Hair Straightening Brush	shopify_US_8436726300973_45450028548397	149.00 USD	126.00 USD		in stock	Online	US	en	https://cdn.shopify.com/s/files/1/0765/0102/5069/files/Product_Pictures_for_Website_4.png?v=1771516446,https://cdn.shopify.com/s/files/1/0765/0102/5069/files/Untitleddesign_6.png?v=1754815007,https://cdn.shopify.com/s/files/1/0765/0102/5069/files/squareimage_10.png?v=1754815007,https://cdn.shopify.com/s/files/1/0765/0102/5069/files/squareimage_9.png?v=1754815007,https://cdn.shopify.com/s/files/1/0765/0102/5069/files/squareimage_8.png?v=1754815007,https://cdn.shopify.com/s/files/1/0765/0102/5069/files/0011922966343-08_70bb85e7-f39e-49b6-a5aa-1ed1821d6f92.jpg?v=1754815007,https://cdn.shopify.com/s/files/1/0765/0102/5069/files/ComparativetableClassicxPower_441a30f6-0bc7-437a-86e5-c4fabb7973e4.png?v=1754815007		23	DAFNI EN		"Experience next-level hair straightening with DAFNI Power hair straightening brush. No clamping, just effortless styling!"		health & beauty	074108451521	yes	https://cdn.shopify.com/s/files/1/0765/0102/5069/files/Power.png?v=1704279015		https://www.dafnihair.com/products/dafni-power-hair-straightening-brush?variant=45450028548397&country=US&currency=USD&utm_medium=product_sync&utm_source=google&utm_content=sag_organic&utm_campaign=sag_organic	gid://shopify/ProductVariant/45450028548397	Tools	220		1.02 lb	074108451521
DAFNI Enriching Hair Serum	399892227359630775	25.00 USD		new	out of stock	Online	US	en			0			"Discover the DAFNI Enriching Hair Serum, a luxurious blend of essential oils for intense hydration, heat protection, and radiant shine."					http://www.dafnihair.com/cdn/shop/files/hair_serum.png?v=1704278994		https://www.dafnihair.com/products/dafni-enriching-hair-serum				US		
DAFNI KLIX - THE CHUNKY BOW -Lavender	shopify_US_10240217514285_51935076450605	25.00 USD			in stock	Online	US	en	https://cdn.shopify.com/s/files/1/0765/0102/5069/files/dafni_chunkybow_LILACH02.jpg?v=1774422736,https://cdn.shopify.com/s/files/1/0765/0102/5069/files/dafni_chunkybow_LILACH03.jpg?v=1774422736,https://cdn.shopify.com/s/files/1/0765/0102/5069/files/dafni_chunkybow_LILACH01.jpg?v=1774422736		4	DAFNI®		"The Ultimate Clean Girl Hair bow is finally here! Finally, effortless made easy get the bow you always wanted strongly secure in a click Strong Magnetic Hold – No slipping, no tugging Endless iconic hairstyles are a click away. Patent pending. Color:Lavender. Size: Thoughtfully designed at 7"" × 3.5""."		"apparel & accessories > clothing accessories > hair accessories > hair pins, claws & clips"	0791689995960	yes	https://cdn.shopify.com/s/files/1/0765/0102/5069/files/chunky_bow_lavender.png?v=1774422736		https://www.dafnihair.com/products/dafni-klix-the-chunky-bow-lavender?variant=51935076450605&country=US&currency=USD&utm_medium=product_sync&utm_source=google&utm_content=sag_organic&utm_campaign=sag_organic	gid://shopify/ProductVariant/51935076450605	BOWS			0.16 lb	KX3CH-1LV
DAFNI KLIX - the icon - Iconic Edit - Set of 2	shopify_US_10200118231341_51761874403629	20.00 USD			in stock	Online	US	en	https://cdn.shopify.com/s/files/1/0765/0102/5069/files/M1A1782.jpg?v=1770573642,https://cdn.shopify.com/s/files/1/0765/0102/5069/files/M1A1777.jpg?v=1770573642,https://cdn.shopify.com/s/files/1/0765/0102/5069/files/M1A1774.jpg?v=1770573642,https://cdn.shopify.com/s/files/1/0765/0102/5069/files/55.png?v=1770573642,https://cdn.shopify.com/s/files/1/0765/0102/5069/files/61.png?v=1770573642,https://cdn.shopify.com/s/files/1/0765/0102/5069/files/58.png?v=1770573642,https://cdn.shopify.com/s/files/1/0765/0102/5069/files/60.png?v=1770573642		272	DAFNI®		"The world's first magnetic hair clips! Strong Magnetic Hold – No slipping, no tugging Seamless magnetic connection, clean design 2 Are Better Than 1 – Create looks no ordinary clip can Endless hairstyles Set of 2 Colors:Brown • Lunar black Size: 3 cm each piece Includes an exclusive sticky pad for the mirror — store your DAFNI Klix with style and ease!"		apparel & accessories > clothing accessories > hair accessories	791689995991	yes	https://cdn.shopify.com/s/files/1/0765/0102/5069/files/ICONICEDIT-icon.png?v=1770573642		https://www.dafnihair.com/products/dafni-klix-the-icon-iconic-edit-set-of-2?variant=51761874403629&country=US&currency=USD&utm_medium=product_sync&utm_source=google&utm_content=sag_organic&utm_campaign=sag_organic	gid://shopify/ProductVariant/51761874403629	Klix	73		0.12 lb	DH3.4KX1-1L1A
DAFNI KLIX - the icon - Tropical Sunset - Set of 2	shopify_US_10108506538285_51406877032749	20.00 USD			in stock	Online	US	en	https://cdn.shopify.com/s/files/1/0765/0102/5069/files/58_8295744d-fb0e-4639-8e91-bdd1f621400a.png?v=1768492498,https://cdn.shopify.com/s/files/1/0765/0102/5069/files/59_50440bb0-7e96-4a6b-90f1-31e0dbe8df15.png?v=1768492498,https://cdn.shopify.com/s/files/1/0765/0102/5069/files/60_b3dba929-5b2a-4162-bb3a-a1bfb07fbc21.png?v=1768492498,https://cdn.shopify.com/s/files/1/0765/0102/5069/files/61_633cb67b-dbec-4df2-a551-eb728a16398c.png?v=1768492498,https://cdn.shopify.com/s/files/1/0765/0102/5069/files/63_9d19b32b-773c-41c7-831a-58b09000ede3.png?v=1768492498,https://cdn.shopify.com/s/files/1/0765/0102/5069/files/suctionpad_a.png?v=1768492498,https://cdn.shopify.com/s/files/1/0765/0102/5069/files/Product_Pictures_for_Website_15.png?v=1767640524		12	DAFNI®		"The world's first magnetic hair clips! Strong Magnetic Hold – No slipping, no tugging Seamless magnetic connection, clean design 2 Are Better Than 1 – Create looks no ordinary clip can Endless hairstyles Set of 2 Colors:Turquoise • Peach Size: 3 cm each piece Includes an exclusive sticky pad for the mirror — store your DAFNI Klix with style and ease!"		apparel & accessories > clothing accessories > hair accessories	0791689995342	yes	https://cdn.shopify.com/s/files/1/0765/0102/5069/files/54.png?v=1767640524		https://www.dafnihair.com/products/dafni-klix-the-icon-set-of-2-brown-turquoise-copy?variant=51406877032749&country=US&currency=USD&utm_medium=product_sync&utm_source=google&utm_content=sag_organic&utm_campaign=sag_organic	gid://shopify/ProductVariant/51406877032749	Klix	803		0.1 lb	DH3.4KX1.1T1P
DAFNI KLIX - THE CHUNKY BOW - Pearl White	shopify_US_10240216662317_51935074222381	25.00 USD			in stock	Online	US	en	https://cdn.shopify.com/s/files/1/0765/0102/5069/files/dafni_chunkybow_WHITE02.jpg?v=1774422720,https://cdn.shopify.com/s/files/1/0765/0102/5069/files/dafni_chunkybow_WHITE03.jpg?v=1774422720,https://cdn.shopify.com/s/files/1/0765/0102/5069/files/dafni_chunkybow_WHITE01.jpg?v=1774422720		0	DAFNI®		"The Ultimate Clean Girl Hair bow is finally here! Finally, effortless made easy get the bow you always wanted strongly secure in a click Strong Magnetic Hold – No slipping, no tugging Endless iconic hairstyles are a click away. Patent pending. Color:Pearl White. Size: Thoughtfully designed at 7"" × 3.5""."		"apparel & accessories > clothing accessories > hair accessories > hair pins, claws & clips"	0791689995977	yes	https://cdn.shopify.com/s/files/1/0765/0102/5069/files/chunky_white_pre_order.png?v=1774422720		https://www.dafnihair.com/products/dafni-klix-the-chunky-bow-pearl-white?variant=51935074222381&country=US&currency=USD&utm_medium=product_sync&utm_source=google&utm_content=sag_organic&utm_campaign=sag_organic	gid://shopify/ProductVariant/51935074222381	BOWS			0.16 lb	KX3CH-1W
DAFNI KLIX - the minimalist - Amber	shopify_US_10068035567917_50934950035757	10.00 USD			in stock	Online	US	en	https://cdn.shopify.com/s/files/1/0765/0102/5069/files/45.png?v=1760687172,https://cdn.shopify.com/s/files/1/0765/0102/5069/files/48.png?v=1770573664,https://cdn.shopify.com/s/files/1/0765/0102/5069/files/49.png?v=1770573664,https://cdn.shopify.com/s/files/1/0765/0102/5069/files/47.png?v=1760687172,https://cdn.shopify.com/s/files/1/0765/0102/5069/files/46.png?v=1760687172		25	DAFNI®		"The world's first magnetic hair clips! Strong Magnetic Hold – No slipping, no tugging Seamless magnetic connection, clean design 2 Are Better Than 1 – Create looks no ordinary clip can Endless hairstyles Size:2 cm each piece"		apparel & accessories > clothing accessories > hair accessories	791689995373	yes	https://cdn.shopify.com/s/files/1/0765/0102/5069/files/Product_Pictures_for_Website_8.png?v=1760687172		https://www.dafnihair.com/products/the-minimalist-black-dafni-klix?variant=50934950035757&country=US&currency=USD&utm_medium=product_sync&utm_source=google&utm_content=sag_organic&utm_campaign=sag_organic	gid://shopify/ProductVariant/50934950035757	Klix	2755		0.04 lb	DH3.4KX2.1A
DAFNI KLIX - the minimalist - Turquoise	shopify_US_10068069482797_50935100834093	10.00 USD			in stock	Online	US	en	https://cdn.shopify.com/s/files/1/0765/0102/5069/files/43.png?v=1760684828,https://cdn.shopify.com/s/files/1/0765/0102/5069/files/46.png?v=1760687172,https://cdn.shopify.com/s/files/1/0765/0102/5069/files/48.png?v=1770573664,https://cdn.shopify.com/s/files/1/0765/0102/5069/files/49.png?v=1770573664,https://cdn.shopify.com/s/files/1/0765/0102/5069/files/47.png?v=1760687172		2	DAFNI®		"The world's first magnetic hair clips! Strong Magnetic Hold – No slipping, no tugging Seamless magnetic connection, clean design 2 Are Better Than 1 – Create looks no ordinary clip can Endless hairstyles Size:2 cm each piece"		apparel & accessories > clothing accessories > hair accessories	791689995359	yes	https://cdn.shopify.com/s/files/1/0765/0102/5069/files/Product_Pictures_for_Website_9.png?v=1760684828		https://www.dafnihair.com/products/dafni-klix-the-minimalist-black-copy?variant=50935100834093&country=US&currency=USD&utm_medium=product_sync&utm_source=google&utm_content=sag_organic&utm_campaign=sag_organic	gid://shopify/ProductVariant/50935100834093	Klix	1131		0.04 lb	DH3.4KX2.1T
The Parisian Set	shopify_US_10218761224493_51827997966637	199.00 USD	169.00 USD		in stock	Online	US	en	https://cdn.shopify.com/s/files/1/0765/0102/5069/files/Product_Pictures_for_Website_5.png?v=1771513347,https://cdn.shopify.com/s/files/1/0765/0102/5069/files/rose_gold_open.jpg?v=1773396063,https://cdn.shopify.com/s/files/1/0765/0102/5069/files/thebowforthesiteopen.png?v=1773396063,https://cdn.shopify.com/s/files/1/0765/0102/5069/files/endless_styles_02_6846a59a-9418-4352-ba69-6f95371eeb98.jpg?v=1764515432		0	DAFNI®		"Style your hair with our DAFNI muse, perfect for creating soft romantic waves and our iconic Bow Klix in the most celebratory colors: rose gold and navy. Effortless Parisian style in a brush store and a click."					https://cdn.shopify.com/s/files/1/0765/0102/5069/files/2.jpg?v=1771273806	yes	https://www.dafnihair.com/products/the-parisian-set?variant=51827997966637&country=US&currency=USD&utm_medium=product_sync&utm_source=google&utm_content=sag_organic&utm_campaign=sag_organic	gid://shopify/ProductVariant/51827997966637		598		0 kg	BD3PARIS
DAFNI KLIX - THE BOW - Burgundy- Limited Edition	shopify_US_10182671663405_51710004560173	25.00 USD			in stock	Online	US	en	https://cdn.shopify.com/s/files/1/0765/0102/5069/files/BURGUNDYBOW_OPEN.jpg?v=1773394809,https://cdn.shopify.com/s/files/1/0765/0102/5069/files/DAFNI_19.26_5483.jpg?v=1774521246,https://cdn.shopify.com/s/files/1/0765/0102/5069/files/DAFNI_19.26_5071.jpg?v=1774521265		40	DAFNI®	red	"YES! We reinvented the hair bow! Finally, effortless made easy get the bow you always wanted strongly secure in a click Strong Magnetic Hold – No slipping, no tugging Endless iconic hairstyles are a click away. Patent pending. Color:Burgundy. Size: Thoughtfully designed at 5"" × 9.5""."		"apparel & accessories > clothing accessories > hair accessories > hair pins, claws & clips"	791689995465	yes	https://cdn.shopify.com/s/files/1/0765/0102/5069/files/BURGUNDYBOW2.jpg?v=1773394809		https://www.dafnihair.com/products/dafni-klix-the-bow-rose-gold-copy?variant=51710004560173&country=US&currency=USD&utm_medium=product_sync&utm_source=google&utm_content=sag_organic&utm_campaign=sag_organic	gid://shopify/ProductVariant/51710004560173	BOWS	749		0.16 kg	DH3.4KX3-1BR
DAFNI KLIX - the icon - Black	shopify_US_10201381077293_51769459736877	12.00 USD			in stock	Online	US	en	https://cdn.shopify.com/s/files/1/0765/0102/5069/files/57.png?v=1768492455,https://cdn.shopify.com/s/files/1/0765/0102/5069/files/58.png?v=1770573642,https://cdn.shopify.com/s/files/1/0765/0102/5069/files/60.png?v=1770573642,https://cdn.shopify.com/s/files/1/0765/0102/5069/files/61.png?v=1770573642,https://cdn.shopify.com/s/files/1/0765/0102/5069/files/63.png?v=1768492455	adult	51	DAFNI®	black	"The world's first magnetic hair clips! Strong Magnetic Hold – No slipping, no tugging Seamless magnetic connection, clean design 2 Are Better Than 1 – Create looks no ordinary clip can Endless hairstyles Size: 3 cm each piece"		"apparel & accessories > clothing accessories > hair accessories > hair pins, claws & clips"	0791689995311	yes	https://cdn.shopify.com/s/files/1/0765/0102/5069/files/51.png?v=1768492455		https://www.dafnihair.com/products/dafni-klix-the-icon-black-copy?variant=51769459736877&country=US&currency=USD&utm_medium=product_sync&utm_source=google&utm_content=sag_organic&utm_campaign=sag_organic	gid://shopify/ProductVariant/51769459736877	Klix	5264		0.05 lb	DH3.4KX1.1B
DAFNI KLIX - THE CHUNKY BOW - Rose Gold	shopify_US_10239396446509_51930970587437	25.00 USD			in stock	Online	US	en	https://cdn.shopify.com/s/files/1/0765/0102/5069/files/dafni_chunkybow_PINK02.jpg?v=1774422705,https://cdn.shopify.com/s/files/1/0765/0102/5069/files/dafni_chunkybow_PINK03.jpg?v=1774422705,https://cdn.shopify.com/s/files/1/0765/0102/5069/files/dafni_chunkybow_PINK01.jpg?v=1774422705		6	DAFNI®		"The Ultimate Clean Girl Hair bow is finally here! Finally, effortless made easy get the bow you always wanted strongly secure in a click Strong Magnetic Hold – No slipping, no tugging Endless iconic hairstyles are a click away. Patent pending. Color:Rose gold. Size: Thoughtfully designed at 7"" × 3.5""."		"apparel & accessories > clothing accessories > hair accessories > hair pins, claws & clips"	0791689995953	yes	https://cdn.shopify.com/s/files/1/0765/0102/5069/files/chunky_rose_pre_order.png?v=1774422705		https://www.dafnihair.com/products/dafni-klix-the-bow-rose-gold-copy-1?variant=51930970587437&country=US&currency=USD&utm_medium=product_sync&utm_source=google&utm_content=sag_organic&utm_campaign=sag_organic	gid://shopify/ProductVariant/51930970587437	BOWS			0.16 lb	KX3CH-1RG
DAFNI KLIX - the icon - Sandstone - Set of 2	shopify_US_10200120951085_51761886003501	20.00 USD			in stock	Online	US	en	https://cdn.shopify.com/s/files/1/0765/0102/5069/files/KLIKS_0356_1.jpg?v=1774521341,https://cdn.shopify.com/s/files/1/0765/0102/5069/files/DAFNI_19.26_4973.jpg?v=1774521341,https://cdn.shopify.com/s/files/1/0765/0102/5069/files/M1A1390_2.jpg?v=1774521341,https://cdn.shopify.com/s/files/1/0765/0102/5069/files/DAFNI_19.26_4989.jpg?v=1774521341,https://cdn.shopify.com/s/files/1/0765/0102/5069/files/TAUPE_ICON_ae36c54b-db83-44d6-af8d-bdcb966bab53.jpg?v=1774520897		30	DAFNI®		"The world's first magnetic hair clips! Strong Magnetic Hold – No slipping, no tugging Seamless magnetic connection, clean design 2 Are Better Than 1 – Create looks no ordinary clip can Endless hairstyles Set of 2 Colors:Emberwood Brown • Taupe Truffle Size: 3 cm each piece Includes an exclusive sticky pad for the mirror — store your DAFNI Klix with style and ease!"		apparel & accessories > clothing accessories > hair accessories	791689996011	yes	https://cdn.shopify.com/s/files/1/0765/0102/5069/files/icon_patent_pending.png?v=1770579207		https://www.dafnihair.com/products/dafni-klix-the-icon-sandstone-set-of-2?variant=51761886003501&country=US&currency=USD&utm_medium=product_sync&utm_source=google&utm_content=sag_organic&utm_campaign=sag_organic	gid://shopify/ProductVariant/51761886003501	Klix	5157		0.12 lb	DH3.4KX1-1EB1TT
Dafni Unlimited	shopify_US_10218758242605_51827993051437	372.00 USD	316.00 USD		in stock	Online	US	en	https://cdn.shopify.com/s/files/1/0765/0102/5069/files/Product_Pictures_for_Website_4.png?v=1771516446,https://cdn.shopify.com/s/files/1/0765/0102/5069/files/bow_black.png?v=1774543701,https://cdn.shopify.com/s/files/1/0765/0102/5069/files/Product_Pictures_for_Website_5.png?v=1771513347,https://cdn.shopify.com/s/files/1/0765/0102/5069/files/57.png?v=1768492455,https://cdn.shopify.com/s/files/1/0765/0102/5069/files/55.png?v=1770573642,https://cdn.shopify.com/s/files/1/0765/0102/5069/files/61.png?v=1770573642,https://cdn.shopify.com/s/files/1/0765/0102/5069/files/endless_styles_01_6472ca4d-b339-47cd-a7ab-be4dcae47696.jpg?v=1764515432		0	DAFNI®		"The ultimate hair wardrobe has arrived. DAFNI Unlimited is our 6-piece master collection designed for every hair type and every possible vibe. Experience the high-velocity smoothing of DAFNI Power for those ""rush hour"" mornings, or switch to the DAFNI Muse to create the perfect, romantic soft waves. Keep your look sleek and perfectly pulled together with the Icon (available in both Black and Amber!), and when you’re ready to celebrate the day, snap on your KLIX Bows in Rose Gold or Black. From a flat, chic finish to an amplified, accessorized style, this kit gives you the freedom to be whoever you want to be today."		health & beauty > personal care > hair care			https://cdn.shopify.com/s/files/1/0765/0102/5069/files/5.jpg?v=1771273264	yes	https://www.dafnihair.com/products/dafni-unlimited?variant=51827993051437&country=US&currency=USD&utm_medium=product_sync&utm_source=google&utm_content=sag_organic&utm_campaign=sag_organic	gid://shopify/ProductVariant/51827993051437		220		0 kg	BD6UNLIMITED
DAFNI KLIX - THE BOW - Rose Gold	shopify_US_10130520178989_51538747425069	25.00 USD			in stock	Online	US	en	https://cdn.shopify.com/s/files/1/0765/0102/5069/files/thebowforthesiteopen.png?v=1773396063,https://cdn.shopify.com/s/files/1/0765/0102/5069/files/rose_gold_open.jpg?v=1773396063,https://cdn.shopify.com/s/files/1/0765/0102/5069/files/rosebowfront.png?v=1773395914,https://cdn.shopify.com/s/files/1/0765/0102/5069/files/rosebowback.png?v=1773395863,https://cdn.shopify.com/s/files/1/0765/0102/5069/files/rose_gold.jpg?v=1773395863,https://cdn.shopify.com/s/files/1/0765/0102/5069/files/rosebow_two.png?v=1773394865		145	DAFNI®		"YES! We reinvented the hair bow! Finally, effortless made easy get the bow you always wanted strongly secure in a click Strong Magnetic Hold – No slipping, no tugging Endless iconic hairstyles are a click away. Patent pending. Color:Rose gold. Size: Thoughtfully designed at 5"" × 9.5""."		"apparel & accessories > clothing accessories > hair accessories > hair pins, claws & clips"	0791689995410	yes	https://cdn.shopify.com/s/files/1/0765/0102/5069/files/thebowforthesite.png?v=1773396063		https://www.dafnihair.com/products/dafni-klix-the-bow-rose-gold?variant=51538747425069&country=US&currency=USD&utm_medium=product_sync&utm_source=google&utm_content=sag_organic&utm_campaign=sag_organic	gid://shopify/ProductVariant/51538747425069	BOWS	3984		0.16 lb	DH3.4KX3-1R
DAFNI KLIX - the minimalist - Black	shopify_US_10068070596909_50935102308653	10.00 USD			in stock	Online	US	en	https://cdn.shopify.com/s/files/1/0765/0102/5069/files/42.png?v=1760686796,https://cdn.shopify.com/s/files/1/0765/0102/5069/files/46.png?v=1760687172,https://cdn.shopify.com/s/files/1/0765/0102/5069/files/48.png?v=1770573664,https://cdn.shopify.com/s/files/1/0765/0102/5069/files/49.png?v=1770573664,https://cdn.shopify.com/s/files/1/0765/0102/5069/files/47.png?v=1760687172		22	DAFNI®		"The world's first magnetic hair clips! Strong Magnetic Hold – No slipping, no tugging Seamless magnetic connection, clean design 2 Are Better Than 1 – Create looks no ordinary clip can Endless hairstyles Size: 2 cm each piece"		apparel & accessories > clothing accessories > hair accessories	791689995366	yes	https://cdn.shopify.com/s/files/1/0765/0102/5069/files/Product_Pictures_for_Website_6.png?v=1760686796		https://www.dafnihair.com/products/dafni-klix-the-minimalist-black?variant=50935102308653&country=US&currency=USD&utm_medium=product_sync&utm_source=google&utm_content=sag_organic&utm_campaign=sag_organic	gid://shopify/ProductVariant/50935102308653	Klix	3456		0.04 lb	DH3.4KX2.1B
DAFNI KLIX - THE BOW - Navy	shopify_US_10169048400173_51661173653805	25.00 USD			in stock	Online	US	en	https://cdn.shopify.com/s/files/1/0765/0102/5069/files/BLUEBOW_OPEN.jpg?v=1774521391,https://cdn.shopify.com/s/files/1/0765/0102/5069/files/navybow_back.png?v=1774521391,https://cdn.shopify.com/s/files/1/0765/0102/5069/files/navybowupdo.png?v=1773394845,https://cdn.shopify.com/s/files/1/0765/0102/5069/files/navybowfrontforshopify.png?v=1773394845,https://cdn.shopify.com/s/files/1/0765/0102/5069/files/navybow_full_body.png?v=1773394845		26	DAFNI®		"YES! We reinvented the hair bow! Finally, effortless made easy get the bow you always wanted strongly secure in a click Strong Magnetic Hold – No slipping, no tugging Endless iconic hairstyles are a click away. Patent pending. Color:Navy. Size: Thoughtfully designed at 5"" × 9.5""."		"apparel & accessories > clothing accessories > hair accessories > hair pins, claws & clips"	0791689995441	yes	https://cdn.shopify.com/s/files/1/0765/0102/5069/files/BLUEBOW2.jpg?v=1774521391		https://www.dafnihair.com/products/dafni-klix-the-bow-navy?variant=51661173653805&country=US&currency=USD&utm_medium=product_sync&utm_source=google&utm_content=sag_organic&utm_campaign=sag_organic	gid://shopify/ProductVariant/51661173653805	BOWS	1963		0.16 lb	DH3.4KX3-1N
DAFNI KLIX - the icon - Turquoise	shopify_US_10108491039021_51405606027565	12.00 USD			in stock	Online	US	en	https://cdn.shopify.com/s/files/1/0765/0102/5069/files/59.png?v=1760684795,https://cdn.shopify.com/s/files/1/0765/0102/5069/files/37e37f2fa36dbb03bb5db0347d13a22d.png?v=1766321921,https://cdn.shopify.com/s/files/1/0765/0102/5069/files/60.png?v=1770573642,https://cdn.shopify.com/s/files/1/0765/0102/5069/files/61.png?v=1770573642,https://cdn.shopify.com/s/files/1/0765/0102/5069/files/58.png?v=1770573642,https://cdn.shopify.com/s/files/1/0765/0102/5069/files/63.png?v=1768492455,https://cdn.shopify.com/s/files/1/0765/0102/5069/files/62.png?v=1766321921	adult	5	DAFNI®		"The world's first magnetic hair clips! Strong Magnetic Hold – No slipping, no tugging Seamless magnetic connection, clean design 2 Are Better Than 1 – Create looks no ordinary clip can Endless hairstyles Size: 3 cm each piece"	female	apparel & accessories > clothing accessories > hair accessories	0791689995304	yes	https://cdn.shopify.com/s/files/1/0765/0102/5069/files/52.png?v=1760684795		https://www.dafnihair.com/products/dafni-klix-the-icon-turquoise?variant=51405606027565&country=US&currency=USD&utm_medium=product_sync&utm_source=google&utm_content=sag_organic&utm_campaign=sag_organic	gid://shopify/ProductVariant/51405606027565	Klix	750		0.05 lb	DH3.4KX1.1T
DAFNI KLIX - the minimalist - Sandstone - Set of 3	shopify_US_10200121016621_51761886101805	25.00 USD			in stock	Online	US	en	https://cdn.shopify.com/s/files/1/0765/0102/5069/files/M1A1255_1.jpg?v=1774521330,https://cdn.shopify.com/s/files/1/0765/0102/5069/files/DAFNI_19.26_5906.jpg?v=1774521330,https://cdn.shopify.com/s/files/1/0765/0102/5069/files/M1A1255_2.jpg?v=1774520870,https://cdn.shopify.com/s/files/1/0765/0102/5069/files/M1A1261_1.jpg?v=1774520870,https://cdn.shopify.com/s/files/1/0765/0102/5069/files/M1A1261_f339d2df-1fad-4a7e-b6e4-4b25a6dfb96b.jpg?v=1774520870,https://cdn.shopify.com/s/files/1/0765/0102/5069/files/DAFNI_19.26_5888.jpg?v=1774521016,https://cdn.shopify.com/s/files/1/0765/0102/5069/files/M1A1400_1.jpg?v=1774520861,https://cdn.shopify.com/s/files/1/0765/0102/5069/files/taupe.jpg?v=1774520861,https://cdn.shopify.com/s/files/1/0765/0102/5069/files/taupe1.jpg?v=1774520861,https://cdn.shopify.com/s/files/1/0765/0102/5069/files/TAUPE_MINIMALIST.jpg?v=1774520861		10	DAFNI®		"The world's first magnetic hair clips! Strong Magnetic Hold – No slipping, no tugging Seamless magnetic connection, clean design 2 Are Better Than 1 – Create looks no ordinary clip can Endless hairstyles Set of 3 Colors:Emberwood Brown • Taupe Truffle • Cafe au Lait Size: 2 cm each piece Includes an exclusive sticky pad for the mirror — store your DAFNI Klix with style and ease!"		apparel & accessories > clothing accessories > hair accessories	791689996004	yes	https://cdn.shopify.com/s/files/1/0765/0102/5069/files/patent_pending.png?v=1770579174		https://www.dafnihair.com/products/dafni-klix-the-minimalist-sandstone-set-of-3?variant=51761886101805&country=US&currency=USD&utm_medium=product_sync&utm_source=google&utm_content=sag_organic&utm_campaign=sag_organic	gid://shopify/ProductVariant/51761886101805	Klix	6142		0.12 lb	DH3.4KX2-1EB1TT1CL
DAFNI Guardian Angel Heat Protector Spray	8415033316434366905	25.00 USD		new	out of stock	Online	US	en			0			"Discover DAFNI Guardian Angel Heat Protector Spray! Shields from heat, prevents breakage, adds shine, smooths frizz. Style confidently!"					http://www.dafnihair.com/cdn/shop/files/23.png?v=1704279031		https://www.dafnihair.com/collections/our-products/products/dafni-heat-protector-spray				US		
